{
  "test_mae_h1": 1.5330864191055298,
  "test_rmse_h1": 2.3547699451446533,
  "test_r2_h1": 0.46257293224334717,
  "test_mae_all": 1.5423650741577148,
  "test_rmse_all": 2.3601667881011963,
  "test_r2_all": 0.4604671001434326,
  "per_horizon_mae": [
    1.5330864191055298,
    1.5395073890686035,
    1.542853832244873,
    1.5479580163955688,
    1.5515520572662354,
    1.5463327169418335,
    1.5429799556732178,
    1.546307921409607,
    1.5476471185684204,
    1.5498210191726685,
    1.550300121307373,
    1.5471844673156738,
    1.5436406135559082,
    1.542199730873108,
    1.5436375141143799,
    1.5370502471923828,
    1.5307570695877075,
    1.5336298942565918,
    1.536167025566101,
    1.538883924484253,
    1.5351738929748535,
    1.5411744117736816,
    1.540735125541687,
    1.5481842756271362
  ],
  "best_epoch": 2,
  "n_params": 57216,
  "train_time_s": 758.2645609378815
}