{
  "_imputation_fills": {
    "mean_temperature": 17.154660888077856,
    "total_precipitation": 0.0
  },
  "arrivals": {
    "mean": 1.6682282893505522,
    "std": 2.4351993621471775
  },
  "hour_sin": {
    "mean": -1.6166077356510796e-17,
    "std": 0.7071088490495311
  },
  "hour_cos": {
    "mean": -5.67682819254338e-17,
    "std": 0.7071088490495311
  },
  "_dow_0": {
    "mean": 0.14233576642335766,
    "std": 0.3493952060645467
  },
  "_dow_1": {
    "mean": 0.14416058394160583,
    "std": 0.35125351470882843
  },
  "_dow_2": {
    "mean": 0.14416058394160583,
    "std": 0.35125351470882843
  },
  "_dow_3": {
    "mean": 0.14233576642335766,
    "std": 0.3493952060645467
  },
  "_dow_4": {
    "mean": 0.14233576642335766,
    "std": 0.3493952060645467
  },
  "_dow_5": {
    "mean": 0.14233576642335766,
    "std": 0.3493952060645467
  },
  "_dow_6": {
    "mean": 0.14233576642335766,
    "std": 0.3493952060645467
  },
  "tou_electricity_price": {
    "mean": 0.6653166666666666,
    "std": 0.2979626861203048
  },
  "mean_temperature": {
    "mean": 17.154660888077856,
    "std": 8.110086508619784
  },
  "total_precipitation": {
    "mean": 2.7090942588433466,
    "std": 7.341980438664408
  }
}