{
  "DC_Fast": {
    "n": 135359,
    "mean_min": 34.91602602462095,
    "median_min": 31.233333333333334,
    "std_min": 19.646612185717633,
    "cv": 0.562681794653947,
    "skewness": 0.8061845907587577,
    "p25": 19.933333333333334,
    "p75": 47.35,
    "p95": 71.21666666666667,
    "fits": {
      "exponential": {
        "params": {
          "loc": 0.0,
          "scale": 34.91602602462095
        },
        "aic": 1232566.4141721665,
        "bic": 1232576.2298579535,
        "ks_statistic": 0.19502578290685674
      },
      "gamma": {
        "params": {
          "a": 2.9407596133661595,
          "loc": 0.0,
          "scale": 11.873131644600523
        },
        "aic": 1166596.514250015,
        "bic": 1166616.1456215892,
        "ks_statistic": 0.02352272346735662
      },
      "lognormal": {
        "params": {
          "s": 0.6418329177424084,
          "loc": 0.0,
          "scale": 29.177319350491008
        },
        "aic": 1177330.3072453935,
        "bic": 1177349.9386169678,
        "ks_statistic": 0.04737131440677844
      },
      "weibull": {
        "params": {
          "c": 1.8696075912258463,
          "loc": 0.0,
          "scale": 39.42570071210894
        },
        "aic": 1166923.986290273,
        "bic": 1166943.6176618473,
        "ks_statistic": 0.026482651697291137
      }
    },
    "best_distribution": "gamma",
    "best_aic": 1166596.514250015,
    "simulation_sampler": {
      "clamp_min": 0.5,
      "clamp_max": 720.0,
      "estimated_mean_min": 34.87413675823168,
      "estimated_std_min": 20.329428019534078,
      "estimated_cv": 0.5829370963493606,
      "estimation_draws": 200000,
      "estimation_seed": 4101
    }
  },
  "Level_2": {
    "n": 131330,
    "mean_min": 96.4805670194675,
    "median_min": 57.65,
    "std_min": 128.1351052563562,
    "cv": 1.328092373570955,
    "skewness": 2.661520250778888,
    "p25": 26.466666666666665,
    "p75": 99.2,
    "p95": 444.6424999999998,
    "fits": {
      "exponential": {
        "params": {
          "loc": 0.0,
          "scale": 96.4805670194675
        },
        "aic": 1462845.2672902313,
        "bic": 1462855.0527587498,
        "ks_statistic": 0.10812086209271365
      },
      "gamma": {
        "params": {
          "a": 0.8463342824273408,
          "loc": 0.0,
          "scale": 113.99817899702121
        },
        "aic": 1460301.929926443,
        "bic": 1460321.5008634801,
        "ks_statistic": 0.0991303249498201
      },
      "lognormal": {
        "params": {
          "s": 1.3132388085047877,
          "loc": 0.0,
          "scale": 48.09625061036728
        },
        "aic": 1461612.1365327535,
        "bic": 1461631.7074697907,
        "ks_statistic": 0.08851067712505589
      },
      "weibull": {
        "params": {
          "c": 0.869763811324711,
          "loc": 0.0,
          "scale": 89.21037842836307
        },
        "aic": 1457785.9060436657,
        "bic": 1457805.476980703,
        "ks_statistic": 0.08752668931249008
      },
      "mixture_2lognorm": {
        "params": {
          "pi1": 0.5993372148819492,
          "mu1": 3.667701306394912,
          "sigma1": 1.6210574320263926,
          "mu2": 4.18060873234811,
          "sigma2": 0.4645588549174117
        },
        "aic": 424901.3160299567,
        "bic": 424950.2433725496,
        "mean1_min": 145.70949880700533,
        "mean2_min": 72.85828093293597
      }
    },
    "best_distribution": "mixture_2lognorm",
    "best_aic": 424901.3160299567,
    "simulation_sampler": {
      "clamp_min": 0.5,
      "clamp_max": 720.0,
      "estimated_mean_min": 94.71517986106072,
      "estimated_std_min": 134.89431496728392,
      "estimated_cv": 1.4242100914041724,
      "estimation_draws": 200000,
      "estimation_seed": 4102
    }
  },
  "Mixed": {
    "n": 82220,
    "mean_min": 44.09613334144166,
    "median_min": 41.2,
    "std_min": 25.614242107848074,
    "cv": 0.5808727470391547,
    "skewness": 0.6782453385129144,
    "p25": 23.5,
    "p75": 60.6,
    "p95": 90.05083333333337,
    "fits": {
      "exponential": {
        "params": {
          "loc": 0.0,
          "scale": 44.09613334144166
        },
        "aic": 787073.0280050037,
        "bic": 787082.3451588642,
        "ks_statistic": 0.17387769959695204
      },
      "gamma": {
        "params": {
          "a": 2.4681965603515414,
          "loc": 0.0,
          "scale": 17.865730002946407
        },
        "aic": 757143.6217565016,
        "bic": 757162.2560642225,
        "ks_statistic": 0.04514983712104681
      },
      "lognormal": {
        "params": {
          "s": 0.7370170909421835,
          "loc": 0.0,
          "scale": 35.52814718879077
        },
        "aic": 770260.6265143249,
        "bic": 770279.2608220458,
        "ks_statistic": 0.08396696701443734
      },
      "weibull": {
        "params": {
          "c": 1.7680263965661112,
          "loc": 0.0,
          "scale": 49.50614205458412
        },
        "aic": 754297.0249254158,
        "bic": 754315.6592331367,
        "ks_statistic": 0.02063500158821563
      }
    },
    "best_distribution": "weibull",
    "best_aic": 754297.0249254158,
    "simulation_sampler": {
      "clamp_min": 0.5,
      "clamp_max": 720.0,
      "estimated_mean_min": 44.04691765591219,
      "estimated_std_min": 25.80689488810314,
      "estimated_cv": 0.5858955918255773,
      "estimation_draws": 200000,
      "estimation_seed": 4103
    }
  },
  "merge_decision": {
    "dc_cv": 0.562681794653947,
    "mixed_cv": 0.5808727470391547,
    "cv_difference": 0.018190952385207737,
    "same_best_dist": false,
    "ks_2sample_stat": 0.16738624032110483,
    "ks_2sample_p": 0.0,
    "recommendation": "keep_separate"
  }
}